SKU,Unidades Disponible,Fecha
SKU_1_Marca_1,1191,2024-05-20
SKU_2_Marca_1,2098,2024-05-20
SKU_3_Marca_1,515,2024-05-20
SKU_4_Marca_1,1360,2024-05-20
SKU_5_Marca_1,2008,2024-05-20
SKU_6_Marca_1,462,2024-05-20
SKU_7_Marca_1,1137,2024-05-20
SKU_8_Marca_1,2096,2024-05-20
SKU_9_Marca_1,448,2024-05-20
SKU_10_Marca_1,1145,2024-05-20
SKU_11_Marca_1,1962,2024-05-20
SKU_12_Marca_1,503,2024-05-20
SKU_13_Marca_1,1323,2024-05-20
SKU_14_Marca_1,2170,2024-05-20
SKU_15_Marca_1,530,2024-05-20
SKU_16_Marca_1,1333,2024-05-20
SKU_17_Marca_1,1975,2024-05-20
SKU_18_Marca_1,487,2024-05-20
SKU_19_Marca_1,1172,2024-05-20
SKU_20_Marca_1,2055,2024-05-20
SKU_21_Marca_1,513,2024-05-20
SKU_22_Marca_1,1371,2024-05-20
SKU_23_Marca_1,2210,2024-05-20
SKU_24_Marca_1,486,2024-05-20
SKU_25_Marca_1,1356,2024-05-20
SKU_26_Marca_1,2080,2024-05-20
SKU_27_Marca_1,613,2024-05-20
SKU_28_Marca_1,1165,2024-05-20
SKU_29_Marca_1,1995,2024-05-20
SKU_30_Marca_1,476,2024-05-20
SKU_31_Marca_1,1389,2024-05-20
SKU_32_Marca_1,2061,2024-05-20
SKU_33_Marca_1,566,2024-05-20
SKU_34_Marca_1,1175,2024-05-20
SKU_35_Marca_1,1891,2024-05-20
SKU_36_Marca_1,523,2024-05-20
SKU_37_Marca_1,1315,2024-05-20
SKU_38_Marca_1,2423,2024-05-20
SKU_39_Marca_1,501,2024-05-20
SKU_40_Marca_1,1214,2024-05-20
SKU_41_Marca_1,2166,2024-05-20
SKU_42_Marca_1,534,2024-05-20
SKU_43_Marca_1,1240,2024-05-20
SKU_44_Marca_1,2010,2024-05-20
SKU_45_Marca_1,560,2024-05-20
SKU_46_Marca_1,1195,2024-05-20
SKU_47_Marca_1,2054,2024-05-20
SKU_48_Marca_1,499,2024-05-20
SKU_49_Marca_1,1203,2024-05-20
SKU_50_Marca_1,2150,2024-05-20
SKU_51_Marca_1,501,2024-05-20
SKU_52_Marca_1,1142,2024-05-20
SKU_53_Marca_1,2120,2024-05-20
SKU_54_Marca_1,605,2024-05-20
SKU_55_Marca_1,1165,2024-05-20
SKU_56_Marca_1,1923,2024-05-20
SKU_57_Marca_1,624,2024-05-20
SKU_58_Marca_1,1336,2024-05-20
SKU_59_Marca_1,2077,2024-05-20
SKU_60_Marca_1,478,2024-05-20
SKU_61_Marca_1,1358,2024-05-20
SKU_62_Marca_1,2014,2024-05-20
SKU_63_Marca_1,608,2024-05-20
SKU_64_Marca_1,1245,2024-05-20
SKU_65_Marca_1,2068,2024-05-20
SKU_66_Marca_1,532,2024-05-20
SKU_67_Marca_1,1166,2024-05-20
SKU_68_Marca_1,2105,2024-05-20
SKU_69_Marca_1,595,2024-05-20
SKU_70_Marca_1,1150,2024-05-20
SKU_71_Marca_1,2143,2024-05-20
SKU_72_Marca_1,507,2024-05-20
SKU_73_Marca_1,1194,2024-05-20
SKU_74_Marca_1,2017,2024-05-20
SKU_75_Marca_1,559,2024-05-20
SKU_76_Marca_1,1277,2024-05-20
SKU_77_Marca_1,2283,2024-05-20
SKU_78_Marca_1,553,2024-05-20
SKU_79_Marca_1,1209,2024-05-20
SKU_80_Marca_1,2137,2024-05-20
SKU_81_Marca_1,379,2024-05-20
SKU_82_Marca_1,1044,2024-05-20
SKU_83_Marca_1,2211,2024-05-20
SKU_84_Marca_1,523,2024-05-20
SKU_85_Marca_1,1241,2024-05-20
SKU_86_Marca_1,2009,2024-05-20
SKU_87_Marca_1,595,2024-05-20
SKU_88_Marca_1,1173,2024-05-20
SKU_89_Marca_1,2054,2024-05-20
SKU_90_Marca_1,557,2024-05-20
SKU_91_Marca_1,1186,2024-05-20
SKU_92_Marca_1,2126,2024-05-20
SKU_93_Marca_1,586,2024-05-20
SKU_94_Marca_1,1123,2024-05-20
SKU_95_Marca_1,2452,2024-05-20
SKU_96_Marca_1,459,2024-05-20
SKU_97_Marca_1,1243,2024-05-20
SKU_98_Marca_1,2158,2024-05-20
SKU_99_Marca_1,565,2024-05-20
SKU_100_Marca_1,1191,2024-05-20
SKU_1_Marca_2,1084,2024-05-20
SKU_2_Marca_2,2276,2024-05-20
SKU_3_Marca_2,451,2024-05-20
SKU_4_Marca_2,1289,2024-05-20
SKU_5_Marca_2,1922,2024-05-20
SKU_6_Marca_2,382,2024-05-20
SKU_7_Marca_2,1199,2024-05-20
SKU_8_Marca_2,2097,2024-05-20
SKU_9_Marca_2,501,2024-05-20
SKU_10_Marca_2,1329,2024-05-20
SKU_11_Marca_2,2166,2024-05-20
SKU_12_Marca_2,584,2024-05-20
SKU_13_Marca_2,1268,2024-05-20
SKU_14_Marca_2,1936,2024-05-20
SKU_15_Marca_2,586,2024-05-20
SKU_16_Marca_2,1249,2024-05-20
SKU_17_Marca_2,2135,2024-05-20
SKU_18_Marca_2,437,2024-05-20
SKU_19_Marca_2,1315,2024-05-20
SKU_20_Marca_2,2073,2024-05-20
SKU_21_Marca_2,639,2024-05-20
SKU_22_Marca_2,1106,2024-05-20
SKU_23_Marca_2,2114,2024-05-20
SKU_24_Marca_2,574,2024-05-20
SKU_25_Marca_2,1238,2024-05-20
SKU_26_Marca_2,2290,2024-05-20
SKU_27_Marca_2,508,2024-05-20
SKU_28_Marca_2,1220,2024-05-20
SKU_29_Marca_2,1997,2024-05-20
SKU_30_Marca_2,641,2024-05-20
SKU_31_Marca_2,1143,2024-05-20
SKU_32_Marca_2,2073,2024-05-20
SKU_33_Marca_2,536,2024-05-20
SKU_34_Marca_2,1198,2024-05-20
SKU_35_Marca_2,2122,2024-05-20
SKU_36_Marca_2,566,2024-05-20
SKU_37_Marca_2,1177,2024-05-20
SKU_38_Marca_2,2203,2024-05-20
SKU_39_Marca_2,484,2024-05-20
SKU_40_Marca_2,1225,2024-05-20
SKU_41_Marca_2,1976,2024-05-20
SKU_42_Marca_2,554,2024-05-20
SKU_43_Marca_2,1231,2024-05-20
SKU_44_Marca_2,2007,2024-05-20
SKU_45_Marca_2,551,2024-05-20
SKU_46_Marca_2,1068,2024-05-20
SKU_47_Marca_2,2062,2024-05-20
SKU_48_Marca_2,468,2024-05-20
SKU_49_Marca_2,1100,2024-05-20
SKU_50_Marca_2,2023,2024-05-20
SKU_51_Marca_2,466,2024-05-20
SKU_52_Marca_2,1198,2024-05-20
SKU_53_Marca_2,1861,2024-05-20
SKU_54_Marca_2,504,2024-05-20
SKU_55_Marca_2,1542,2024-05-20
SKU_56_Marca_2,2321,2024-05-20
SKU_57_Marca_2,542,2024-05-20
SKU_58_Marca_2,1111,2024-05-20
SKU_59_Marca_2,2233,2024-05-20
SKU_60_Marca_2,442,2024-05-20
SKU_61_Marca_2,1164,2024-05-20
SKU_62_Marca_2,2142,2024-05-20
SKU_63_Marca_2,466,2024-05-20
SKU_64_Marca_2,1310,2024-05-20
SKU_65_Marca_2,2131,2024-05-20
SKU_66_Marca_2,426,2024-05-20
SKU_67_Marca_2,1319,2024-05-20
SKU_68_Marca_2,2007,2024-05-20
SKU_69_Marca_2,558,2024-05-20
SKU_70_Marca_2,1263,2024-05-20
SKU_71_Marca_2,2004,2024-05-20
SKU_72_Marca_2,583,2024-05-20
SKU_73_Marca_2,1295,2024-05-20
SKU_74_Marca_2,1934,2024-05-20
SKU_75_Marca_2,696,2024-05-20
SKU_76_Marca_2,1117,2024-05-20
SKU_77_Marca_2,2112,2024-05-20
SKU_78_Marca_2,571,2024-05-20
SKU_79_Marca_2,1325,2024-05-20
SKU_80_Marca_2,2342,2024-05-20
SKU_81_Marca_2,476,2024-05-20
SKU_82_Marca_2,1306,2024-05-20
SKU_83_Marca_2,2275,2024-05-20
SKU_84_Marca_2,524,2024-05-20
SKU_85_Marca_2,1275,2024-05-20
SKU_86_Marca_2,2091,2024-05-20
SKU_87_Marca_2,484,2024-05-20
SKU_88_Marca_2,1081,2024-05-20
SKU_89_Marca_2,2151,2024-05-20
SKU_90_Marca_2,555,2024-05-20
SKU_91_Marca_2,1096,2024-05-20
SKU_92_Marca_2,2128,2024-05-20
SKU_93_Marca_2,535,2024-05-20
SKU_94_Marca_2,1344,2024-05-20
SKU_95_Marca_2,2097,2024-05-20
SKU_96_Marca_2,500,2024-05-20
SKU_97_Marca_2,1356,2024-05-20
SKU_98_Marca_2,2045,2024-05-20
SKU_99_Marca_2,409,2024-05-20
SKU_100_Marca_2,1249,2024-05-20
SKU_1_Marca_3,1181,2024-05-20
SKU_2_Marca_3,2177,2024-05-20
SKU_3_Marca_3,569,2024-05-20
SKU_4_Marca_3,1173,2024-05-20
SKU_5_Marca_3,2054,2024-05-20
SKU_6_Marca_3,589,2024-05-20
SKU_7_Marca_3,1051,2024-05-20
SKU_8_Marca_3,2155,2024-05-20
SKU_9_Marca_3,561,2024-05-20
SKU_10_Marca_3,1189,2024-05-20
SKU_11_Marca_3,1895,2024-05-20
SKU_12_Marca_3,556,2024-05-20
SKU_13_Marca_3,1237,2024-05-20
SKU_14_Marca_3,2314,2024-05-20
SKU_15_Marca_3,446,2024-05-20
SKU_16_Marca_3,1142,2024-05-20
SKU_17_Marca_3,2235,2024-05-20
SKU_18_Marca_3,511,2024-05-20
SKU_19_Marca_3,1301,2024-05-20
SKU_20_Marca_3,2079,2024-05-20
SKU_21_Marca_3,589,2024-05-20
SKU_22_Marca_3,1300,2024-05-20
SKU_23_Marca_3,1948,2024-05-20
SKU_24_Marca_3,564,2024-05-20
SKU_25_Marca_3,1326,2024-05-20
SKU_26_Marca_3,2267,2024-05-20
SKU_27_Marca_3,562,2024-05-20
SKU_28_Marca_3,1328,2024-05-20
SKU_29_Marca_3,1953,2024-05-20
SKU_30_Marca_3,531,2024-05-20
SKU_31_Marca_3,1269,2024-05-20
SKU_32_Marca_3,2222,2024-05-20
SKU_33_Marca_3,501,2024-05-20
SKU_34_Marca_3,1134,2024-05-20
SKU_35_Marca_3,2047,2024-05-20
SKU_36_Marca_3,536,2024-05-20
SKU_37_Marca_3,1106,2024-05-20
SKU_38_Marca_3,2130,2024-05-20
SKU_39_Marca_3,514,2024-05-20
SKU_40_Marca_3,1174,2024-05-20
SKU_41_Marca_3,1948,2024-05-20
SKU_42_Marca_3,563,2024-05-20
SKU_43_Marca_3,1162,2024-05-20
SKU_44_Marca_3,2071,2024-05-20
SKU_45_Marca_3,458,2024-05-20
SKU_46_Marca_3,1235,2024-05-20
SKU_47_Marca_3,2163,2024-05-20
SKU_48_Marca_3,564,2024-05-20
SKU_49_Marca_3,1233,2024-05-20
SKU_50_Marca_3,2065,2024-05-20
SKU_51_Marca_3,531,2024-05-20
SKU_52_Marca_3,1362,2024-05-20
SKU_53_Marca_3,1948,2024-05-20
SKU_54_Marca_3,545,2024-05-20
SKU_55_Marca_3,1097,2024-05-20
SKU_56_Marca_3,2013,2024-05-20
SKU_57_Marca_3,525,2024-05-20
SKU_58_Marca_3,1365,2024-05-20
SKU_59_Marca_3,2124,2024-05-20
SKU_60_Marca_3,543,2024-05-20
SKU_61_Marca_3,1193,2024-05-20
SKU_62_Marca_3,2165,2024-05-20
SKU_63_Marca_3,464,2024-05-20
SKU_64_Marca_3,1178,2024-05-20
SKU_65_Marca_3,2290,2024-05-20
SKU_66_Marca_3,596,2024-05-20
SKU_67_Marca_3,1170,2024-05-20
SKU_68_Marca_3,1968,2024-05-20
SKU_69_Marca_3,526,2024-05-20
SKU_70_Marca_3,1225,2024-05-20
SKU_71_Marca_3,1905,2024-05-20
SKU_72_Marca_3,587,2024-05-20
SKU_73_Marca_3,1340,2024-05-20
SKU_74_Marca_3,2191,2024-05-20
SKU_75_Marca_3,496,2024-05-20
SKU_76_Marca_3,1187,2024-05-20
SKU_77_Marca_3,1997,2024-05-20
SKU_78_Marca_3,512,2024-05-20
SKU_79_Marca_3,1340,2024-05-20
SKU_80_Marca_3,2277,2024-05-20
SKU_81_Marca_3,509,2024-05-20
SKU_82_Marca_3,1268,2024-05-20
SKU_83_Marca_3,2103,2024-05-20
SKU_84_Marca_3,545,2024-05-20
SKU_85_Marca_3,1221,2024-05-20
SKU_86_Marca_3,2069,2024-05-20
SKU_87_Marca_3,449,2024-05-20
SKU_88_Marca_3,1250,2024-05-20
SKU_89_Marca_3,2370,2024-05-20
SKU_90_Marca_3,525,2024-05-20
SKU_91_Marca_3,1211,2024-05-20
SKU_92_Marca_3,2348,2024-05-20
SKU_93_Marca_3,580,2024-05-20
SKU_94_Marca_3,1184,2024-05-20
SKU_95_Marca_3,2156,2024-05-20
SKU_96_Marca_3,534,2024-05-20
SKU_97_Marca_3,1318,2024-05-20
SKU_98_Marca_3,2148,2024-05-20
SKU_99_Marca_3,584,2024-05-20
SKU_100_Marca_3,1115,2024-05-20
SKU_1_Marca_4,472,2024-05-20
SKU_2_Marca_4,813,2024-05-20
SKU_3_Marca_4,205,2024-05-20
SKU_4_Marca_4,619,2024-05-20
SKU_5_Marca_4,964,2024-05-20
SKU_6_Marca_4,220,2024-05-20
SKU_7_Marca_4,507,2024-05-20
SKU_8_Marca_4,800,2024-05-20
SKU_9_Marca_4,174,2024-05-20
SKU_10_Marca_4,521,2024-05-20
SKU_11_Marca_4,926,2024-05-20
SKU_12_Marca_4,271,2024-05-20
SKU_13_Marca_4,497,2024-05-20
SKU_14_Marca_4,829,2024-05-20
SKU_15_Marca_4,196,2024-05-20
SKU_16_Marca_4,455,2024-05-20
SKU_17_Marca_4,762,2024-05-20
SKU_18_Marca_4,227,2024-05-20
SKU_19_Marca_4,539,2024-05-20
SKU_20_Marca_4,930,2024-05-20
SKU_21_Marca_4,207,2024-05-20
SKU_22_Marca_4,568,2024-05-20
SKU_23_Marca_4,751,2024-05-20
SKU_24_Marca_4,193,2024-05-20
SKU_25_Marca_4,531,2024-05-20
SKU_26_Marca_4,820,2024-05-20
SKU_27_Marca_4,236,2024-05-20
SKU_28_Marca_4,458,2024-05-20
SKU_29_Marca_4,687,2024-05-20
SKU_30_Marca_4,195,2024-05-20
SKU_31_Marca_4,530,2024-05-20
SKU_32_Marca_4,937,2024-05-20
SKU_33_Marca_4,239,2024-05-20
SKU_34_Marca_4,465,2024-05-20
SKU_35_Marca_4,851,2024-05-20
SKU_36_Marca_4,173,2024-05-20
SKU_37_Marca_4,512,2024-05-20
SKU_38_Marca_4,812,2024-05-20
SKU_39_Marca_4,200,2024-05-20
SKU_40_Marca_4,493,2024-05-20
SKU_41_Marca_4,949,2024-05-20
SKU_42_Marca_4,146,2024-05-20
SKU_43_Marca_4,480,2024-05-20
SKU_44_Marca_4,849,2024-05-20
SKU_45_Marca_4,182,2024-05-20
SKU_46_Marca_4,471,2024-05-20
SKU_47_Marca_4,773,2024-05-20
SKU_48_Marca_4,225,2024-05-20
SKU_49_Marca_4,544,2024-05-20
SKU_50_Marca_4,762,2024-05-20
SKU_51_Marca_4,187,2024-05-20
SKU_52_Marca_4,547,2024-05-20
SKU_53_Marca_4,1005,2024-05-20
SKU_54_Marca_4,258,2024-05-20
SKU_55_Marca_4,525,2024-05-20
SKU_56_Marca_4,886,2024-05-20
SKU_57_Marca_4,180,2024-05-20
SKU_58_Marca_4,461,2024-05-20
SKU_59_Marca_4,876,2024-05-20
SKU_60_Marca_4,189,2024-05-20
SKU_61_Marca_4,460,2024-05-20
SKU_62_Marca_4,937,2024-05-20
SKU_63_Marca_4,185,2024-05-20
SKU_64_Marca_4,473,2024-05-20
SKU_65_Marca_4,847,2024-05-20
SKU_66_Marca_4,230,2024-05-20
SKU_67_Marca_4,490,2024-05-20
SKU_68_Marca_4,819,2024-05-20
SKU_69_Marca_4,233,2024-05-20
SKU_70_Marca_4,444,2024-05-20
SKU_71_Marca_4,847,2024-05-20
SKU_72_Marca_4,155,2024-05-20
SKU_73_Marca_4,448,2024-05-20
SKU_74_Marca_4,802,2024-05-20
SKU_75_Marca_4,198,2024-05-20
SKU_76_Marca_4,498,2024-05-20
SKU_77_Marca_4,778,2024-05-20
SKU_78_Marca_4,174,2024-05-20
SKU_79_Marca_4,469,2024-05-20
SKU_80_Marca_4,773,2024-05-20
SKU_81_Marca_4,191,2024-05-20
SKU_82_Marca_4,490,2024-05-20
SKU_83_Marca_4,750,2024-05-20
SKU_84_Marca_4,210,2024-05-20
SKU_85_Marca_4,516,2024-05-20
SKU_86_Marca_4,874,2024-05-20
SKU_87_Marca_4,149,2024-05-20
SKU_88_Marca_4,517,2024-05-20
SKU_89_Marca_4,828,2024-05-20
SKU_90_Marca_4,207,2024-05-20
SKU_91_Marca_4,480,2024-05-20
SKU_92_Marca_4,762,2024-05-20
SKU_93_Marca_4,174,2024-05-20
SKU_94_Marca_4,534,2024-05-20
SKU_95_Marca_4,864,2024-05-20
SKU_96_Marca_4,224,2024-05-20
SKU_97_Marca_4,591,2024-05-20
SKU_98_Marca_4,843,2024-05-20
SKU_99_Marca_4,233,2024-05-20
SKU_100_Marca_4,461,2024-05-20
SKU_1_Marca_5,463,2024-05-20
SKU_2_Marca_5,843,2024-05-20
SKU_3_Marca_5,186,2024-05-20
SKU_4_Marca_5,488,2024-05-20
SKU_5_Marca_5,803,2024-05-20
SKU_6_Marca_5,204,2024-05-20
SKU_7_Marca_5,503,2024-05-20
SKU_8_Marca_5,842,2024-05-20
SKU_9_Marca_5,172,2024-05-20
SKU_10_Marca_5,445,2024-05-20
SKU_11_Marca_5,855,2024-05-20
SKU_12_Marca_5,183,2024-05-20
SKU_13_Marca_5,475,2024-05-20
SKU_14_Marca_5,687,2024-05-20
SKU_15_Marca_5,190,2024-05-20
SKU_16_Marca_5,575,2024-05-20
SKU_17_Marca_5,911,2024-05-20
SKU_18_Marca_5,255,2024-05-20
SKU_19_Marca_5,499,2024-05-20
SKU_20_Marca_5,774,2024-05-20
SKU_21_Marca_5,176,2024-05-20
SKU_22_Marca_5,513,2024-05-20
SKU_23_Marca_5,861,2024-05-20
SKU_24_Marca_5,189,2024-05-20
SKU_25_Marca_5,521,2024-05-20
SKU_26_Marca_5,858,2024-05-20
SKU_27_Marca_5,203,2024-05-20
SKU_28_Marca_5,607,2024-05-20
SKU_29_Marca_5,877,2024-05-20
SKU_30_Marca_5,201,2024-05-20
SKU_31_Marca_5,540,2024-05-20
SKU_32_Marca_5,832,2024-05-20
SKU_33_Marca_5,212,2024-05-20
SKU_34_Marca_5,464,2024-05-20
SKU_35_Marca_5,825,2024-05-20
SKU_36_Marca_5,226,2024-05-20
SKU_37_Marca_5,455,2024-05-20
SKU_38_Marca_5,753,2024-05-20
SKU_39_Marca_5,176,2024-05-20
SKU_40_Marca_5,442,2024-05-20
SKU_41_Marca_5,820,2024-05-20
SKU_42_Marca_5,226,2024-05-20
SKU_43_Marca_5,437,2024-05-20
SKU_44_Marca_5,832,2024-05-20
SKU_45_Marca_5,221,2024-05-20
SKU_46_Marca_5,510,2024-05-20
SKU_47_Marca_5,831,2024-05-20
SKU_48_Marca_5,209,2024-05-20
SKU_49_Marca_5,476,2024-05-20
SKU_50_Marca_5,806,2024-05-20
SKU_51_Marca_5,200,2024-05-20
SKU_52_Marca_5,442,2024-05-20
SKU_53_Marca_5,867,2024-05-20
SKU_54_Marca_5,197,2024-05-20
SKU_55_Marca_5,459,2024-05-20
SKU_56_Marca_5,811,2024-05-20
SKU_57_Marca_5,216,2024-05-20
SKU_58_Marca_5,459,2024-05-20
SKU_59_Marca_5,865,2024-05-20
SKU_60_Marca_5,204,2024-05-20
SKU_61_Marca_5,455,2024-05-20
SKU_62_Marca_5,784,2024-05-20
SKU_63_Marca_5,305,2024-05-20
SKU_64_Marca_5,521,2024-05-20
SKU_65_Marca_5,833,2024-05-20
SKU_66_Marca_5,178,2024-05-20
SKU_67_Marca_5,470,2024-05-20
SKU_68_Marca_5,779,2024-05-20
SKU_69_Marca_5,243,2024-05-20
SKU_70_Marca_5,477,2024-05-20
SKU_71_Marca_5,849,2024-05-20
SKU_72_Marca_5,153,2024-05-20
SKU_73_Marca_5,461,2024-05-20
SKU_74_Marca_5,874,2024-05-20
SKU_75_Marca_5,166,2024-05-20
SKU_76_Marca_5,506,2024-05-20
SKU_77_Marca_5,795,2024-05-20
SKU_78_Marca_5,237,2024-05-20
SKU_79_Marca_5,597,2024-05-20
SKU_80_Marca_5,774,2024-05-20
SKU_81_Marca_5,221,2024-05-20
SKU_82_Marca_5,473,2024-05-20
SKU_83_Marca_5,768,2024-05-20
SKU_84_Marca_5,253,2024-05-20
SKU_85_Marca_5,526,2024-05-20
SKU_86_Marca_5,894,2024-05-20
SKU_87_Marca_5,248,2024-05-20
SKU_88_Marca_5,646,2024-05-20
SKU_89_Marca_5,789,2024-05-20
SKU_90_Marca_5,167,2024-05-20
SKU_91_Marca_5,462,2024-05-20
SKU_92_Marca_5,794,2024-05-20
SKU_93_Marca_5,197,2024-05-20
SKU_94_Marca_5,532,2024-05-20
SKU_95_Marca_5,820,2024-05-20
SKU_96_Marca_5,178,2024-05-20
SKU_97_Marca_5,537,2024-05-20
SKU_98_Marca_5,928,2024-05-20
SKU_99_Marca_5,248,2024-05-20
SKU_100_Marca_5,592,2024-05-20
SKU_1_Marca_6,492,2024-05-20
SKU_2_Marca_6,856,2024-05-20
SKU_3_Marca_6,240,2024-05-20
SKU_4_Marca_6,554,2024-05-20
SKU_5_Marca_6,769,2024-05-20
SKU_6_Marca_6,209,2024-05-20
SKU_7_Marca_6,529,2024-05-20
SKU_8_Marca_6,820,2024-05-20
SKU_9_Marca_6,251,2024-05-20
SKU_10_Marca_6,528,2024-05-20
SKU_11_Marca_6,1007,2024-05-20
SKU_12_Marca_6,211,2024-05-20
SKU_13_Marca_6,499,2024-05-20
SKU_14_Marca_6,905,2024-05-20
SKU_15_Marca_6,231,2024-05-20
SKU_16_Marca_6,492,2024-05-20
SKU_17_Marca_6,878,2024-05-20
SKU_18_Marca_6,178,2024-05-20
SKU_19_Marca_6,486,2024-05-20
SKU_20_Marca_6,858,2024-05-20
SKU_21_Marca_6,244,2024-05-20
SKU_22_Marca_6,500,2024-05-20
SKU_23_Marca_6,811,2024-05-20
SKU_24_Marca_6,229,2024-05-20
SKU_25_Marca_6,446,2024-05-20
SKU_26_Marca_6,651,2024-05-20
SKU_27_Marca_6,196,2024-05-20
SKU_28_Marca_6,534,2024-05-20
SKU_29_Marca_6,833,2024-05-20
SKU_30_Marca_6,167,2024-05-20
SKU_31_Marca_6,481,2024-05-20
SKU_32_Marca_6,840,2024-05-20
SKU_33_Marca_6,187,2024-05-20
SKU_34_Marca_6,570,2024-05-20
SKU_35_Marca_6,729,2024-05-20
SKU_36_Marca_6,173,2024-05-20
SKU_37_Marca_6,578,2024-05-20
SKU_38_Marca_6,830,2024-05-20
SKU_39_Marca_6,166,2024-05-20
SKU_40_Marca_6,449,2024-05-20
SKU_41_Marca_6,860,2024-05-20
SKU_42_Marca_6,185,2024-05-20
SKU_43_Marca_6,597,2024-05-20
SKU_44_Marca_6,881,2024-05-20
SKU_45_Marca_6,225,2024-05-20
SKU_46_Marca_6,409,2024-05-20
SKU_47_Marca_6,913,2024-05-20
SKU_48_Marca_6,208,2024-05-20
SKU_49_Marca_6,554,2024-05-20
SKU_50_Marca_6,823,2024-05-20
SKU_51_Marca_6,235,2024-05-20
SKU_52_Marca_6,439,2024-05-20
SKU_53_Marca_6,794,2024-05-20
SKU_54_Marca_6,242,2024-05-20
SKU_55_Marca_6,397,2024-05-20
SKU_56_Marca_6,954,2024-05-20
SKU_57_Marca_6,189,2024-05-20
SKU_58_Marca_6,568,2024-05-20
SKU_59_Marca_6,820,2024-05-20
SKU_60_Marca_6,196,2024-05-20
SKU_61_Marca_6,550,2024-05-20
SKU_62_Marca_6,874,2024-05-20
SKU_63_Marca_6,211,2024-05-20
SKU_64_Marca_6,490,2024-05-20
SKU_65_Marca_6,922,2024-05-20
SKU_66_Marca_6,183,2024-05-20
SKU_67_Marca_6,512,2024-05-20
SKU_68_Marca_6,956,2024-05-20
SKU_69_Marca_6,186,2024-05-20
SKU_70_Marca_6,514,2024-05-20
SKU_71_Marca_6,765,2024-05-20
SKU_72_Marca_6,267,2024-05-20
SKU_73_Marca_6,541,2024-05-20
SKU_74_Marca_6,755,2024-05-20
SKU_75_Marca_6,163,2024-05-20
SKU_76_Marca_6,529,2024-05-20
SKU_77_Marca_6,852,2024-05-20
SKU_78_Marca_6,253,2024-05-20
SKU_79_Marca_6,563,2024-05-20
SKU_80_Marca_6,798,2024-05-20
SKU_81_Marca_6,175,2024-05-20
SKU_82_Marca_6,448,2024-05-20
SKU_83_Marca_6,747,2024-05-20
SKU_84_Marca_6,245,2024-05-20
SKU_85_Marca_6,479,2024-05-20
SKU_86_Marca_6,872,2024-05-20
SKU_87_Marca_6,295,2024-05-20
SKU_88_Marca_6,527,2024-05-20
SKU_89_Marca_6,1051,2024-05-20
SKU_90_Marca_6,189,2024-05-20
SKU_91_Marca_6,543,2024-05-20
SKU_92_Marca_6,856,2024-05-20
SKU_93_Marca_6,210,2024-05-20
SKU_94_Marca_6,422,2024-05-20
SKU_95_Marca_6,885,2024-05-20
SKU_96_Marca_6,204,2024-05-20
SKU_97_Marca_6,588,2024-05-20
SKU_98_Marca_6,724,2024-05-20
SKU_99_Marca_6,187,2024-05-20
SKU_100_Marca_6,511,2024-05-20
SKU_1_Marca_7,621,2024-05-20
SKU_2_Marca_7,920,2024-05-20
SKU_3_Marca_7,259,2024-05-20
SKU_4_Marca_7,486,2024-05-20
SKU_5_Marca_7,867,2024-05-20
SKU_6_Marca_7,210,2024-05-20
SKU_7_Marca_7,455,2024-05-20
SKU_8_Marca_7,778,2024-05-20
SKU_9_Marca_7,168,2024-05-20
SKU_10_Marca_7,486,2024-05-20
SKU_11_Marca_7,766,2024-05-20
SKU_12_Marca_7,265,2024-05-20
SKU_13_Marca_7,425,2024-05-20
SKU_14_Marca_7,844,2024-05-20
SKU_15_Marca_7,224,2024-05-20
SKU_16_Marca_7,502,2024-05-20
SKU_17_Marca_7,782,2024-05-20
SKU_18_Marca_7,175,2024-05-20
SKU_19_Marca_7,383,2024-05-20
SKU_20_Marca_7,1023,2024-05-20
SKU_21_Marca_7,232,2024-05-20
SKU_22_Marca_7,449,2024-05-20
SKU_23_Marca_7,874,2024-05-20
SKU_24_Marca_7,168,2024-05-20
SKU_25_Marca_7,423,2024-05-20
SKU_26_Marca_7,737,2024-05-20
SKU_27_Marca_7,222,2024-05-20
SKU_28_Marca_7,506,2024-05-20
SKU_29_Marca_7,888,2024-05-20
SKU_30_Marca_7,170,2024-05-20
SKU_31_Marca_7,427,2024-05-20
SKU_32_Marca_7,844,2024-05-20
SKU_33_Marca_7,232,2024-05-20
SKU_34_Marca_7,508,2024-05-20
SKU_35_Marca_7,937,2024-05-20
SKU_36_Marca_7,176,2024-05-20
SKU_37_Marca_7,545,2024-05-20
SKU_38_Marca_7,848,2024-05-20
SKU_39_Marca_7,172,2024-05-20
SKU_40_Marca_7,457,2024-05-20
SKU_41_Marca_7,872,2024-05-20
SKU_42_Marca_7,178,2024-05-20
SKU_43_Marca_7,582,2024-05-20
SKU_44_Marca_7,844,2024-05-20
SKU_45_Marca_7,294,2024-05-20
SKU_46_Marca_7,540,2024-05-20
SKU_47_Marca_7,861,2024-05-20
SKU_48_Marca_7,245,2024-05-20
SKU_49_Marca_7,448,2024-05-20
SKU_50_Marca_7,891,2024-05-20
SKU_51_Marca_7,165,2024-05-20
SKU_52_Marca_7,440,2024-05-20
SKU_53_Marca_7,950,2024-05-20
SKU_54_Marca_7,207,2024-05-20
SKU_55_Marca_7,465,2024-05-20
SKU_56_Marca_7,858,2024-05-20
SKU_57_Marca_7,213,2024-05-20
SKU_58_Marca_7,505,2024-05-20
SKU_59_Marca_7,837,2024-05-20
SKU_60_Marca_7,282,2024-05-20
SKU_61_Marca_7,522,2024-05-20
SKU_62_Marca_7,940,2024-05-20
SKU_63_Marca_7,208,2024-05-20
SKU_64_Marca_7,476,2024-05-20
SKU_65_Marca_7,933,2024-05-20
SKU_66_Marca_7,216,2024-05-20
SKU_67_Marca_7,460,2024-05-20
SKU_68_Marca_7,1043,2024-05-20
SKU_69_Marca_7,220,2024-05-20
SKU_70_Marca_7,593,2024-05-20
SKU_71_Marca_7,804,2024-05-20
SKU_72_Marca_7,272,2024-05-20
SKU_73_Marca_7,508,2024-05-20
SKU_74_Marca_7,907,2024-05-20
SKU_75_Marca_7,202,2024-05-20
SKU_76_Marca_7,541,2024-05-20
SKU_77_Marca_7,897,2024-05-20
SKU_78_Marca_7,213,2024-05-20
SKU_79_Marca_7,465,2024-05-20
SKU_80_Marca_7,850,2024-05-20
SKU_81_Marca_7,229,2024-05-20
SKU_82_Marca_7,479,2024-05-20
SKU_83_Marca_7,976,2024-05-20
SKU_84_Marca_7,286,2024-05-20
SKU_85_Marca_7,531,2024-05-20
SKU_86_Marca_7,963,2024-05-20
SKU_87_Marca_7,171,2024-05-20
SKU_88_Marca_7,546,2024-05-20
SKU_89_Marca_7,706,2024-05-20
SKU_90_Marca_7,200,2024-05-20
SKU_91_Marca_7,509,2024-05-20
SKU_92_Marca_7,789,2024-05-20
SKU_93_Marca_7,176,2024-05-20
SKU_94_Marca_7,479,2024-05-20
SKU_95_Marca_7,816,2024-05-20
SKU_96_Marca_7,198,2024-05-20
SKU_97_Marca_7,470,2024-05-20
SKU_98_Marca_7,886,2024-05-20
SKU_99_Marca_7,201,2024-05-20
SKU_100_Marca_7,513,2024-05-20
SKU_1_Marca_8,416,2024-05-20
SKU_2_Marca_8,634,2024-05-20
SKU_3_Marca_8,190,2024-05-20
SKU_4_Marca_8,555,2024-05-20
SKU_5_Marca_8,727,2024-05-20
SKU_6_Marca_8,171,2024-05-20
SKU_7_Marca_8,409,2024-05-20
SKU_8_Marca_8,732,2024-05-20
SKU_9_Marca_8,163,2024-05-20
SKU_10_Marca_8,405,2024-05-20
SKU_11_Marca_8,763,2024-05-20
SKU_12_Marca_8,213,2024-05-20
SKU_13_Marca_8,441,2024-05-20
SKU_14_Marca_8,723,2024-05-20
SKU_15_Marca_8,214,2024-05-20
SKU_16_Marca_8,505,2024-05-20
SKU_17_Marca_8,759,2024-05-20
SKU_18_Marca_8,178,2024-05-20
SKU_19_Marca_8,359,2024-05-20
SKU_20_Marca_8,854,2024-05-20
SKU_21_Marca_8,228,2024-05-20
SKU_22_Marca_8,479,2024-05-20
SKU_23_Marca_8,845,2024-05-20
SKU_24_Marca_8,166,2024-05-20
SKU_25_Marca_8,439,2024-05-20
SKU_26_Marca_8,661,2024-05-20
SKU_27_Marca_8,204,2024-05-20
SKU_28_Marca_8,458,2024-05-20
SKU_29_Marca_8,742,2024-05-20
SKU_30_Marca_8,154,2024-05-20
SKU_31_Marca_8,478,2024-05-20
SKU_32_Marca_8,636,2024-05-20
SKU_33_Marca_8,202,2024-05-20
SKU_34_Marca_8,396,2024-05-20
SKU_35_Marca_8,744,2024-05-20
SKU_36_Marca_8,172,2024-05-20
SKU_37_Marca_8,393,2024-05-20
SKU_38_Marca_8,766,2024-05-20
SKU_39_Marca_8,241,2024-05-20
SKU_40_Marca_8,364,2024-05-20
SKU_41_Marca_8,804,2024-05-20
SKU_42_Marca_8,217,2024-05-20
SKU_43_Marca_8,440,2024-05-20
SKU_44_Marca_8,669,2024-05-20
SKU_45_Marca_8,240,2024-05-20
SKU_46_Marca_8,527,2024-05-20
SKU_47_Marca_8,764,2024-05-20
SKU_48_Marca_8,173,2024-05-20
SKU_49_Marca_8,479,2024-05-20
SKU_50_Marca_8,631,2024-05-20
SKU_51_Marca_8,189,2024-05-20
SKU_52_Marca_8,438,2024-05-20
SKU_53_Marca_8,733,2024-05-20
SKU_54_Marca_8,184,2024-05-20
SKU_55_Marca_8,491,2024-05-20
SKU_56_Marca_8,779,2024-05-20
SKU_57_Marca_8,222,2024-05-20
SKU_58_Marca_8,452,2024-05-20
SKU_59_Marca_8,688,2024-05-20
SKU_60_Marca_8,203,2024-05-20
SKU_61_Marca_8,458,2024-05-20
SKU_62_Marca_8,761,2024-05-20
SKU_63_Marca_8,182,2024-05-20
SKU_64_Marca_8,349,2024-05-20
SKU_65_Marca_8,743,2024-05-20
SKU_66_Marca_8,163,2024-05-20
SKU_67_Marca_8,429,2024-05-20
SKU_68_Marca_8,748,2024-05-20
SKU_69_Marca_8,187,2024-05-20
SKU_70_Marca_8,481,2024-05-20
SKU_71_Marca_8,794,2024-05-20
SKU_72_Marca_8,216,2024-05-20
SKU_73_Marca_8,473,2024-05-20
SKU_74_Marca_8,697,2024-05-20
SKU_75_Marca_8,237,2024-05-20
SKU_76_Marca_8,405,2024-05-20
SKU_77_Marca_8,652,2024-05-20
SKU_78_Marca_8,227,2024-05-20
SKU_79_Marca_8,401,2024-05-20
SKU_80_Marca_8,760,2024-05-20
SKU_81_Marca_8,157,2024-05-20
SKU_82_Marca_8,408,2024-05-20
SKU_83_Marca_8,771,2024-05-20
SKU_84_Marca_8,129,2024-05-20
SKU_85_Marca_8,453,2024-05-20
SKU_86_Marca_8,790,2024-05-20
SKU_87_Marca_8,197,2024-05-20
SKU_88_Marca_8,449,2024-05-20
SKU_89_Marca_8,752,2024-05-20
SKU_90_Marca_8,145,2024-05-20
SKU_91_Marca_8,399,2024-05-20
SKU_92_Marca_8,720,2024-05-20
SKU_93_Marca_8,244,2024-05-20
SKU_94_Marca_8,521,2024-05-20
SKU_95_Marca_8,740,2024-05-20
SKU_96_Marca_8,205,2024-05-20
SKU_97_Marca_8,423,2024-05-20
SKU_98_Marca_8,774,2024-05-20
SKU_99_Marca_8,182,2024-05-20
SKU_100_Marca_8,460,2024-05-20
SKU_1_Marca_9,475,2024-05-20
SKU_2_Marca_9,770,2024-05-20
SKU_3_Marca_9,168,2024-05-20
SKU_4_Marca_9,483,2024-05-20
SKU_5_Marca_9,694,2024-05-20
SKU_6_Marca_9,152,2024-05-20
SKU_7_Marca_9,400,2024-05-20
SKU_8_Marca_9,676,2024-05-20
SKU_9_Marca_9,257,2024-05-20
SKU_10_Marca_9,476,2024-05-20
SKU_11_Marca_9,724,2024-05-20
SKU_12_Marca_9,229,2024-05-20
SKU_13_Marca_9,504,2024-05-20
SKU_14_Marca_9,656,2024-05-20
SKU_15_Marca_9,220,2024-05-20
SKU_16_Marca_9,495,2024-05-20
SKU_17_Marca_9,830,2024-05-20
SKU_18_Marca_9,107,2024-05-20
SKU_19_Marca_9,407,2024-05-20
SKU_20_Marca_9,671,2024-05-20
SKU_21_Marca_9,178,2024-05-20
SKU_22_Marca_9,514,2024-05-20
SKU_23_Marca_9,878,2024-05-20
SKU_24_Marca_9,125,2024-05-20
SKU_25_Marca_9,421,2024-05-20
SKU_26_Marca_9,781,2024-05-20
SKU_27_Marca_9,157,2024-05-20
SKU_28_Marca_9,531,2024-05-20
SKU_29_Marca_9,744,2024-05-20
SKU_30_Marca_9,247,2024-05-20
SKU_31_Marca_9,482,2024-05-20
SKU_32_Marca_9,750,2024-05-20
SKU_33_Marca_9,212,2024-05-20
SKU_34_Marca_9,503,2024-05-20
SKU_35_Marca_9,755,2024-05-20
SKU_36_Marca_9,138,2024-05-20
SKU_37_Marca_9,377,2024-05-20
SKU_38_Marca_9,618,2024-05-20
SKU_39_Marca_9,134,2024-05-20
SKU_40_Marca_9,392,2024-05-20
SKU_41_Marca_9,796,2024-05-20
SKU_42_Marca_9,198,2024-05-20
SKU_43_Marca_9,408,2024-05-20
SKU_44_Marca_9,732,2024-05-20
SKU_45_Marca_9,227,2024-05-20
SKU_46_Marca_9,509,2024-05-20
SKU_47_Marca_9,784,2024-05-20
SKU_48_Marca_9,194,2024-05-20
SKU_49_Marca_9,366,2024-05-20
SKU_50_Marca_9,759,2024-05-20
SKU_51_Marca_9,207,2024-05-20
SKU_52_Marca_9,363,2024-05-20
SKU_53_Marca_9,767,2024-05-20
SKU_54_Marca_9,221,2024-05-20
SKU_55_Marca_9,457,2024-05-20
SKU_56_Marca_9,778,2024-05-20
SKU_57_Marca_9,217,2024-05-20
SKU_58_Marca_9,390,2024-05-20
SKU_59_Marca_9,729,2024-05-20
SKU_60_Marca_9,213,2024-05-20
SKU_61_Marca_9,509,2024-05-20
SKU_62_Marca_9,804,2024-05-20
SKU_63_Marca_9,198,2024-05-20
SKU_64_Marca_9,431,2024-05-20
SKU_65_Marca_9,794,2024-05-20
SKU_66_Marca_9,181,2024-05-20
SKU_67_Marca_9,465,2024-05-20
SKU_68_Marca_9,652,2024-05-20
SKU_69_Marca_9,158,2024-05-20
SKU_70_Marca_9,324,2024-05-20
SKU_71_Marca_9,722,2024-05-20
SKU_72_Marca_9,228,2024-05-20
SKU_73_Marca_9,514,2024-05-20
SKU_74_Marca_9,611,2024-05-20
SKU_75_Marca_9,200,2024-05-20
SKU_76_Marca_9,499,2024-05-20
SKU_77_Marca_9,700,2024-05-20
SKU_78_Marca_9,187,2024-05-20
SKU_79_Marca_9,559,2024-05-20
SKU_80_Marca_9,626,2024-05-20
SKU_81_Marca_9,171,2024-05-20
SKU_82_Marca_9,550,2024-05-20
SKU_83_Marca_9,659,2024-05-20
SKU_84_Marca_9,218,2024-05-20
SKU_85_Marca_9,421,2024-05-20
SKU_86_Marca_9,714,2024-05-20
SKU_87_Marca_9,141,2024-05-20
SKU_88_Marca_9,494,2024-05-20
SKU_89_Marca_9,731,2024-05-20
SKU_90_Marca_9,159,2024-05-20
SKU_91_Marca_9,542,2024-05-20
SKU_92_Marca_9,712,2024-05-20
SKU_93_Marca_9,162,2024-05-20
SKU_94_Marca_9,439,2024-05-20
SKU_95_Marca_9,733,2024-05-20
SKU_96_Marca_9,149,2024-05-20
SKU_97_Marca_9,416,2024-05-20
SKU_98_Marca_9,729,2024-05-20
SKU_99_Marca_9,170,2024-05-20
SKU_100_Marca_9,526,2024-05-20
SKU_1_Marca_10,414,2024-05-20
SKU_2_Marca_10,778,2024-05-20
SKU_3_Marca_10,131,2024-05-20
SKU_4_Marca_10,485,2024-05-20
SKU_5_Marca_10,666,2024-05-20
SKU_6_Marca_10,189,2024-05-20
SKU_7_Marca_10,440,2024-05-20
SKU_8_Marca_10,749,2024-05-20
SKU_9_Marca_10,167,2024-05-20
SKU_10_Marca_10,516,2024-05-20
SKU_11_Marca_10,692,2024-05-20
SKU_12_Marca_10,161,2024-05-20
SKU_13_Marca_10,398,2024-05-20
SKU_14_Marca_10,742,2024-05-20
SKU_15_Marca_10,201,2024-05-20
SKU_16_Marca_10,452,2024-05-20
SKU_17_Marca_10,804,2024-05-20
SKU_18_Marca_10,184,2024-05-20
SKU_19_Marca_10,462,2024-05-20
SKU_20_Marca_10,687,2024-05-20
SKU_21_Marca_10,218,2024-05-20
SKU_22_Marca_10,457,2024-05-20
SKU_23_Marca_10,770,2024-05-20
SKU_24_Marca_10,215,2024-05-20
SKU_25_Marca_10,435,2024-05-20
SKU_26_Marca_10,624,2024-05-20
SKU_27_Marca_10,154,2024-05-20
SKU_28_Marca_10,398,2024-05-20
SKU_29_Marca_10,644,2024-05-20
SKU_30_Marca_10,210,2024-05-20
SKU_31_Marca_10,418,2024-05-20
SKU_32_Marca_10,788,2024-05-20
SKU_33_Marca_10,175,2024-05-20
SKU_34_Marca_10,494,2024-05-20
SKU_35_Marca_10,681,2024-05-20
SKU_36_Marca_10,194,2024-05-20
SKU_37_Marca_10,517,2024-05-20
SKU_38_Marca_10,737,2024-05-20
SKU_39_Marca_10,179,2024-05-20
SKU_40_Marca_10,353,2024-05-20
SKU_41_Marca_10,784,2024-05-20
SKU_42_Marca_10,209,2024-05-20
SKU_43_Marca_10,503,2024-05-20
SKU_44_Marca_10,842,2024-05-20
SKU_45_Marca_10,204,2024-05-20
SKU_46_Marca_10,494,2024-05-20
SKU_47_Marca_10,774,2024-05-20
SKU_48_Marca_10,211,2024-05-20
SKU_49_Marca_10,485,2024-05-20
SKU_50_Marca_10,772,2024-05-20
SKU_51_Marca_10,141,2024-05-20
SKU_52_Marca_10,466,2024-05-20
SKU_53_Marca_10,773,2024-05-20
SKU_54_Marca_10,191,2024-05-20
SKU_55_Marca_10,491,2024-05-20
SKU_56_Marca_10,768,2024-05-20
SKU_57_Marca_10,214,2024-05-20
SKU_58_Marca_10,529,2024-05-20
SKU_59_Marca_10,726,2024-05-20
SKU_60_Marca_10,189,2024-05-20
SKU_61_Marca_10,402,2024-05-20
SKU_62_Marca_10,726,2024-05-20
SKU_63_Marca_10,194,2024-05-20
SKU_64_Marca_10,529,2024-05-20
SKU_65_Marca_10,732,2024-05-20
SKU_66_Marca_10,219,2024-05-20
SKU_67_Marca_10,463,2024-05-20
SKU_68_Marca_10,753,2024-05-20
SKU_69_Marca_10,160,2024-05-20
SKU_70_Marca_10,525,2024-05-20
SKU_71_Marca_10,710,2024-05-20
SKU_72_Marca_10,177,2024-05-20
SKU_73_Marca_10,488,2024-05-20
SKU_74_Marca_10,832,2024-05-20
SKU_75_Marca_10,184,2024-05-20
SKU_76_Marca_10,390,2024-05-20
SKU_77_Marca_10,772,2024-05-20
SKU_78_Marca_10,176,2024-05-20
SKU_79_Marca_10,457,2024-05-20
SKU_80_Marca_10,794,2024-05-20
SKU_81_Marca_10,193,2024-05-20
SKU_82_Marca_10,471,2024-05-20
SKU_83_Marca_10,838,2024-05-20
SKU_84_Marca_10,184,2024-05-20
SKU_85_Marca_10,462,2024-05-20
SKU_86_Marca_10,738,2024-05-20
SKU_87_Marca_10,186,2024-05-20
SKU_88_Marca_10,517,2024-05-20
SKU_89_Marca_10,692,2024-05-20
SKU_90_Marca_10,207,2024-05-20
SKU_91_Marca_10,467,2024-05-20
SKU_92_Marca_10,790,2024-05-20
SKU_93_Marca_10,175,2024-05-20
SKU_94_Marca_10,439,2024-05-20
SKU_95_Marca_10,752,2024-05-20
SKU_96_Marca_10,144,2024-05-20
SKU_97_Marca_10,430,2024-05-20
SKU_98_Marca_10,734,2024-05-20
SKU_99_Marca_10,203,2024-05-20
SKU_100_Marca_10,503,2024-05-20
SKU_1_Marca_11,417,2024-05-20
SKU_2_Marca_11,826,2024-05-20
SKU_3_Marca_11,234,2024-05-20
SKU_4_Marca_11,514,2024-05-20
SKU_5_Marca_11,776,2024-05-20
SKU_6_Marca_11,150,2024-05-20
SKU_7_Marca_11,396,2024-05-20
SKU_8_Marca_11,792,2024-05-20
SKU_9_Marca_11,207,2024-05-20
SKU_10_Marca_11,483,2024-05-20
SKU_11_Marca_11,784,2024-05-20
SKU_12_Marca_11,141,2024-05-20
SKU_13_Marca_11,429,2024-05-20
SKU_14_Marca_11,807,2024-05-20
SKU_15_Marca_11,143,2024-05-20
SKU_16_Marca_11,455,2024-05-20
SKU_17_Marca_11,740,2024-05-20
SKU_18_Marca_11,179,2024-05-20
SKU_19_Marca_11,418,2024-05-20
SKU_20_Marca_11,636,2024-05-20
SKU_21_Marca_11,247,2024-05-20
SKU_22_Marca_11,567,2024-05-20
SKU_23_Marca_11,793,2024-05-20
SKU_24_Marca_11,194,2024-05-20
SKU_25_Marca_11,533,2024-05-20
SKU_26_Marca_11,661,2024-05-20
SKU_27_Marca_11,182,2024-05-20
SKU_28_Marca_11,404,2024-05-20
SKU_29_Marca_11,728,2024-05-20
SKU_30_Marca_11,119,2024-05-20
SKU_31_Marca_11,422,2024-05-20
SKU_32_Marca_11,678,2024-05-20
SKU_33_Marca_11,161,2024-05-20
SKU_34_Marca_11,449,2024-05-20
SKU_35_Marca_11,666,2024-05-20
SKU_36_Marca_11,177,2024-05-20
SKU_37_Marca_11,536,2024-05-20
SKU_38_Marca_11,766,2024-05-20
SKU_39_Marca_11,150,2024-05-20
SKU_40_Marca_11,509,2024-05-20
SKU_41_Marca_11,769,2024-05-20
SKU_42_Marca_11,243,2024-05-20
SKU_43_Marca_11,472,2024-05-20
SKU_44_Marca_11,614,2024-05-20
SKU_45_Marca_11,211,2024-05-20
SKU_46_Marca_11,465,2024-05-20
SKU_47_Marca_11,870,2024-05-20
SKU_48_Marca_11,198,2024-05-20
SKU_49_Marca_11,501,2024-05-20
SKU_50_Marca_11,761,2024-05-20
SKU_51_Marca_11,183,2024-05-20
SKU_52_Marca_11,529,2024-05-20
SKU_53_Marca_11,743,2024-05-20
SKU_54_Marca_11,227,2024-05-20
SKU_55_Marca_11,403,2024-05-20
SKU_56_Marca_11,706,2024-05-20
SKU_57_Marca_11,199,2024-05-20
SKU_58_Marca_11,420,2024-05-20
SKU_59_Marca_11,759,2024-05-20
SKU_60_Marca_11,162,2024-05-20
SKU_61_Marca_11,495,2024-05-20
SKU_62_Marca_11,671,2024-05-20
SKU_63_Marca_11,131,2024-05-20
SKU_64_Marca_11,361,2024-05-20
SKU_65_Marca_11,708,2024-05-20
SKU_66_Marca_11,142,2024-05-20
SKU_67_Marca_11,498,2024-05-20
SKU_68_Marca_11,779,2024-05-20
SKU_69_Marca_11,185,2024-05-20
SKU_70_Marca_11,401,2024-05-20
SKU_71_Marca_11,730,2024-05-20
SKU_72_Marca_11,192,2024-05-20
SKU_73_Marca_11,418,2024-05-20
SKU_74_Marca_11,765,2024-05-20
SKU_75_Marca_11,206,2024-05-20
SKU_76_Marca_11,499,2024-05-20
SKU_77_Marca_11,746,2024-05-20
SKU_78_Marca_11,183,2024-05-20
SKU_79_Marca_11,395,2024-05-20
SKU_80_Marca_11,660,2024-05-20
SKU_81_Marca_11,246,2024-05-20
SKU_82_Marca_11,485,2024-05-20
SKU_83_Marca_11,811,2024-05-20
SKU_84_Marca_11,189,2024-05-20
SKU_85_Marca_11,432,2024-05-20
SKU_86_Marca_11,724,2024-05-20
SKU_87_Marca_11,206,2024-05-20
SKU_88_Marca_11,576,2024-05-20
SKU_89_Marca_11,702,2024-05-20
SKU_90_Marca_11,220,2024-05-20
SKU_91_Marca_11,394,2024-05-20
SKU_92_Marca_11,726,2024-05-20
SKU_93_Marca_11,141,2024-05-20
SKU_94_Marca_11,437,2024-05-20
SKU_95_Marca_11,702,2024-05-20
SKU_96_Marca_11,177,2024-05-20
SKU_97_Marca_11,405,2024-05-20
SKU_98_Marca_11,757,2024-05-20
SKU_99_Marca_11,158,2024-05-20
SKU_100_Marca_11,371,2024-05-20
SKU_1_Marca_12,387,2024-05-20
SKU_2_Marca_12,882,2024-05-20
SKU_3_Marca_12,243,2024-05-20
SKU_4_Marca_12,406,2024-05-20
SKU_5_Marca_12,671,2024-05-20
SKU_6_Marca_12,205,2024-05-20
SKU_7_Marca_12,372,2024-05-20
SKU_8_Marca_12,730,2024-05-20
SKU_9_Marca_12,209,2024-05-20
SKU_10_Marca_12,476,2024-05-20
SKU_11_Marca_12,865,2024-05-20
SKU_12_Marca_12,224,2024-05-20
SKU_13_Marca_12,398,2024-05-20
SKU_14_Marca_12,754,2024-05-20
SKU_15_Marca_12,174,2024-05-20
SKU_16_Marca_12,400,2024-05-20
SKU_17_Marca_12,714,2024-05-20
SKU_18_Marca_12,202,2024-05-20
SKU_19_Marca_12,471,2024-05-20
SKU_20_Marca_12,916,2024-05-20
SKU_21_Marca_12,132,2024-05-20
SKU_22_Marca_12,442,2024-05-20
SKU_23_Marca_12,627,2024-05-20
SKU_24_Marca_12,149,2024-05-20
SKU_25_Marca_12,329,2024-05-20
SKU_26_Marca_12,849,2024-05-20
SKU_27_Marca_12,168,2024-05-20
SKU_28_Marca_12,409,2024-05-20
SKU_29_Marca_12,741,2024-05-20
SKU_30_Marca_12,126,2024-05-20
SKU_31_Marca_12,460,2024-05-20
SKU_32_Marca_12,822,2024-05-20
SKU_33_Marca_12,147,2024-05-20
SKU_34_Marca_12,472,2024-05-20
SKU_35_Marca_12,836,2024-05-20
SKU_36_Marca_12,146,2024-05-20
SKU_37_Marca_12,382,2024-05-20
SKU_38_Marca_12,740,2024-05-20
SKU_39_Marca_12,176,2024-05-20
SKU_40_Marca_12,433,2024-05-20
SKU_41_Marca_12,742,2024-05-20
SKU_42_Marca_12,164,2024-05-20
SKU_43_Marca_12,455,2024-05-20
SKU_44_Marca_12,775,2024-05-20
SKU_45_Marca_12,198,2024-05-20
SKU_46_Marca_12,366,2024-05-20
SKU_47_Marca_12,651,2024-05-20
SKU_48_Marca_12,160,2024-05-20
SKU_49_Marca_12,460,2024-05-20
SKU_50_Marca_12,718,2024-05-20
SKU_51_Marca_12,200,2024-05-20
SKU_52_Marca_12,410,2024-05-20
SKU_53_Marca_12,776,2024-05-20
SKU_54_Marca_12,158,2024-05-20
SKU_55_Marca_12,480,2024-05-20
SKU_56_Marca_12,704,2024-05-20
SKU_57_Marca_12,144,2024-05-20
SKU_58_Marca_12,331,2024-05-20
SKU_59_Marca_12,747,2024-05-20
SKU_60_Marca_12,193,2024-05-20
SKU_61_Marca_12,395,2024-05-20
SKU_62_Marca_12,794,2024-05-20
SKU_63_Marca_12,204,2024-05-20
SKU_64_Marca_12,367,2024-05-20
SKU_65_Marca_12,707,2024-05-20
SKU_66_Marca_12,157,2024-05-20
SKU_67_Marca_12,452,2024-05-20
SKU_68_Marca_12,587,2024-05-20
SKU_69_Marca_12,228,2024-05-20
SKU_70_Marca_12,494,2024-05-20
SKU_71_Marca_12,733,2024-05-20
SKU_72_Marca_12,190,2024-05-20
SKU_73_Marca_12,411,2024-05-20
SKU_74_Marca_12,733,2024-05-20
SKU_75_Marca_12,172,2024-05-20
SKU_76_Marca_12,386,2024-05-20
SKU_77_Marca_12,726,2024-05-20
SKU_78_Marca_12,163,2024-05-20
SKU_79_Marca_12,411,2024-05-20
SKU_80_Marca_12,821,2024-05-20
SKU_81_Marca_12,234,2024-05-20
SKU_82_Marca_12,407,2024-05-20
SKU_83_Marca_12,775,2024-05-20
SKU_84_Marca_12,169,2024-05-20
SKU_85_Marca_12,483,2024-05-20
SKU_86_Marca_12,646,2024-05-20
SKU_87_Marca_12,143,2024-05-20
SKU_88_Marca_12,518,2024-05-20
SKU_89_Marca_12,869,2024-05-20
SKU_90_Marca_12,187,2024-05-20
SKU_91_Marca_12,447,2024-05-20
SKU_92_Marca_12,667,2024-05-20
SKU_93_Marca_12,186,2024-05-20
SKU_94_Marca_12,450,2024-05-20
SKU_95_Marca_12,862,2024-05-20
SKU_96_Marca_12,196,2024-05-20
SKU_97_Marca_12,473,2024-05-20
SKU_98_Marca_12,664,2024-05-20
SKU_99_Marca_12,211,2024-05-20
SKU_100_Marca_12,557,2024-05-20
SKU_1_Marca_13,412,2024-05-20
SKU_2_Marca_13,792,2024-05-20
SKU_3_Marca_13,206,2024-05-20
SKU_4_Marca_13,468,2024-05-20
SKU_5_Marca_13,763,2024-05-20
SKU_6_Marca_13,159,2024-05-20
SKU_7_Marca_13,353,2024-05-20
SKU_8_Marca_13,660,2024-05-20
SKU_9_Marca_13,140,2024-05-20
SKU_10_Marca_13,507,2024-05-20
SKU_11_Marca_13,823,2024-05-20
SKU_12_Marca_13,122,2024-05-20
SKU_13_Marca_13,384,2024-05-20
SKU_14_Marca_13,768,2024-05-20
SKU_15_Marca_13,136,2024-05-20
SKU_16_Marca_13,422,2024-05-20
SKU_17_Marca_13,674,2024-05-20
SKU_18_Marca_13,277,2024-05-20
SKU_19_Marca_13,439,2024-05-20
SKU_20_Marca_13,724,2024-05-20
SKU_21_Marca_13,164,2024-05-20
SKU_22_Marca_13,487,2024-05-20
SKU_23_Marca_13,767,2024-05-20
SKU_24_Marca_13,211,2024-05-20
SKU_25_Marca_13,435,2024-05-20
SKU_26_Marca_13,720,2024-05-20
SKU_27_Marca_13,179,2024-05-20
SKU_28_Marca_13,406,2024-05-20
SKU_29_Marca_13,804,2024-05-20
SKU_30_Marca_13,173,2024-05-20
SKU_31_Marca_13,372,2024-05-20
SKU_32_Marca_13,778,2024-05-20
SKU_33_Marca_13,225,2024-05-20
SKU_34_Marca_13,418,2024-05-20
SKU_35_Marca_13,786,2024-05-20
SKU_36_Marca_13,151,2024-05-20
SKU_37_Marca_13,492,2024-05-20
SKU_38_Marca_13,776,2024-05-20
SKU_39_Marca_13,178,2024-05-20
SKU_40_Marca_13,455,2024-05-20
SKU_41_Marca_13,713,2024-05-20
SKU_42_Marca_13,104,2024-05-20
SKU_43_Marca_13,456,2024-05-20
SKU_44_Marca_13,726,2024-05-20
SKU_45_Marca_13,162,2024-05-20
SKU_46_Marca_13,413,2024-05-20
SKU_47_Marca_13,780,2024-05-20
SKU_48_Marca_13,147,2024-05-20
SKU_49_Marca_13,416,2024-05-20
SKU_50_Marca_13,791,2024-05-20
SKU_51_Marca_13,161,2024-05-20
SKU_52_Marca_13,388,2024-05-20
SKU_53_Marca_13,624,2024-05-20
SKU_54_Marca_13,148,2024-05-20
SKU_55_Marca_13,415,2024-05-20
SKU_56_Marca_13,715,2024-05-20
SKU_57_Marca_13,212,2024-05-20
SKU_58_Marca_13,460,2024-05-20
SKU_59_Marca_13,723,2024-05-20
SKU_60_Marca_13,188,2024-05-20
SKU_61_Marca_13,426,2024-05-20
SKU_62_Marca_13,639,2024-05-20
SKU_63_Marca_13,185,2024-05-20
SKU_64_Marca_13,409,2024-05-20
SKU_65_Marca_13,752,2024-05-20
SKU_66_Marca_13,155,2024-05-20
SKU_67_Marca_13,447,2024-05-20
SKU_68_Marca_13,688,2024-05-20
SKU_69_Marca_13,248,2024-05-20
SKU_70_Marca_13,424,2024-05-20
SKU_71_Marca_13,734,2024-05-20
SKU_72_Marca_13,212,2024-05-20
SKU_73_Marca_13,393,2024-05-20
SKU_74_Marca_13,788,2024-05-20
SKU_75_Marca_13,171,2024-05-20
SKU_76_Marca_13,481,2024-05-20
SKU_77_Marca_13,631,2024-05-20
SKU_78_Marca_13,161,2024-05-20
SKU_79_Marca_13,431,2024-05-20
SKU_80_Marca_13,748,2024-05-20
SKU_81_Marca_13,202,2024-05-20
SKU_82_Marca_13,431,2024-05-20
SKU_83_Marca_13,727,2024-05-20
SKU_84_Marca_13,192,2024-05-20
SKU_85_Marca_13,472,2024-05-20
SKU_86_Marca_13,743,2024-05-20
SKU_87_Marca_13,187,2024-05-20
SKU_88_Marca_13,414,2024-05-20
SKU_89_Marca_13,795,2024-05-20
SKU_90_Marca_13,229,2024-05-20
SKU_91_Marca_13,465,2024-05-20
SKU_92_Marca_13,649,2024-05-20
SKU_93_Marca_13,225,2024-05-20
SKU_94_Marca_13,368,2024-05-20
SKU_95_Marca_13,628,2024-05-20
SKU_96_Marca_13,279,2024-05-20
SKU_97_Marca_13,480,2024-05-20
SKU_98_Marca_13,636,2024-05-20
SKU_99_Marca_13,178,2024-05-20
SKU_100_Marca_13,462,2024-05-20
SKU_1_Marca_14,416,2024-05-20
SKU_2_Marca_14,736,2024-05-20
SKU_3_Marca_14,195,2024-05-20
SKU_4_Marca_14,462,2024-05-20
SKU_5_Marca_14,665,2024-05-20
SKU_6_Marca_14,133,2024-05-20
SKU_7_Marca_14,481,2024-05-20
SKU_8_Marca_14,678,2024-05-20
SKU_9_Marca_14,165,2024-05-20
SKU_10_Marca_14,473,2024-05-20
SKU_11_Marca_14,800,2024-05-20
SKU_12_Marca_14,149,2024-05-20
SKU_13_Marca_14,452,2024-05-20
SKU_14_Marca_14,643,2024-05-20
SKU_15_Marca_14,188,2024-05-20
SKU_16_Marca_14,437,2024-05-20
SKU_17_Marca_14,722,2024-05-20
SKU_18_Marca_14,193,2024-05-20
SKU_19_Marca_14,412,2024-05-20
SKU_20_Marca_14,874,2024-05-20
SKU_21_Marca_14,150,2024-05-20
SKU_22_Marca_14,492,2024-05-20
SKU_23_Marca_14,691,2024-05-20
SKU_24_Marca_14,157,2024-05-20
SKU_25_Marca_14,444,2024-05-20
SKU_26_Marca_14,628,2024-05-20
SKU_27_Marca_14,170,2024-05-20
SKU_28_Marca_14,374,2024-05-20
SKU_29_Marca_14,705,2024-05-20
SKU_30_Marca_14,159,2024-05-20
SKU_31_Marca_14,397,2024-05-20
SKU_32_Marca_14,624,2024-05-20
SKU_33_Marca_14,139,2024-05-20
SKU_34_Marca_14,339,2024-05-20
SKU_35_Marca_14,776,2024-05-20
SKU_36_Marca_14,188,2024-05-20
SKU_37_Marca_14,488,2024-05-20
SKU_38_Marca_14,639,2024-05-20
SKU_39_Marca_14,176,2024-05-20
SKU_40_Marca_14,492,2024-05-20
SKU_41_Marca_14,653,2024-05-20
SKU_42_Marca_14,222,2024-05-20
SKU_43_Marca_14,375,2024-05-20
SKU_44_Marca_14,693,2024-05-20
SKU_45_Marca_14,203,2024-05-20
SKU_46_Marca_14,528,2024-05-20
SKU_47_Marca_14,723,2024-05-20
SKU_48_Marca_14,99,2024-05-20
SKU_49_Marca_14,434,2024-05-20
SKU_50_Marca_14,804,2024-05-20
SKU_51_Marca_14,142,2024-05-20
SKU_52_Marca_14,463,2024-05-20
SKU_53_Marca_14,746,2024-05-20
SKU_54_Marca_14,196,2024-05-20
SKU_55_Marca_14,524,2024-05-20
SKU_56_Marca_14,807,2024-05-20
SKU_57_Marca_14,195,2024-05-20
SKU_58_Marca_14,409,2024-05-20
SKU_59_Marca_14,765,2024-05-20
SKU_60_Marca_14,203,2024-05-20
SKU_61_Marca_14,473,2024-05-20
SKU_62_Marca_14,733,2024-05-20
SKU_63_Marca_14,177,2024-05-20
SKU_64_Marca_14,394,2024-05-20
SKU_65_Marca_14,743,2024-05-20
SKU_66_Marca_14,136,2024-05-20
SKU_67_Marca_14,504,2024-05-20
SKU_68_Marca_14,734,2024-05-20
SKU_69_Marca_14,232,2024-05-20
SKU_70_Marca_14,411,2024-05-20
SKU_71_Marca_14,677,2024-05-20
SKU_72_Marca_14,191,2024-05-20
SKU_73_Marca_14,368,2024-05-20
SKU_74_Marca_14,722,2024-05-20
SKU_75_Marca_14,181,2024-05-20
SKU_76_Marca_14,361,2024-05-20
SKU_77_Marca_14,724,2024-05-20
SKU_78_Marca_14,143,2024-05-20
SKU_79_Marca_14,439,2024-05-20
SKU_80_Marca_14,667,2024-05-20
SKU_81_Marca_14,172,2024-05-20
SKU_82_Marca_14,339,2024-05-20
SKU_83_Marca_14,704,2024-05-20
SKU_84_Marca_14,230,2024-05-20
SKU_85_Marca_14,437,2024-05-20
SKU_86_Marca_14,648,2024-05-20
SKU_87_Marca_14,230,2024-05-20
SKU_88_Marca_14,526,2024-05-20
SKU_89_Marca_14,825,2024-05-20
SKU_90_Marca_14,170,2024-05-20
SKU_91_Marca_14,534,2024-05-20
SKU_92_Marca_14,729,2024-05-20
SKU_93_Marca_14,162,2024-05-20
SKU_94_Marca_14,465,2024-05-20
SKU_95_Marca_14,861,2024-05-20
SKU_96_Marca_14,175,2024-05-20
SKU_97_Marca_14,418,2024-05-20
SKU_98_Marca_14,707,2024-05-20
SKU_99_Marca_14,169,2024-05-20
SKU_100_Marca_14,435,2024-05-20
SKU_1_Marca_15,410,2024-05-20
SKU_2_Marca_15,727,2024-05-20
SKU_3_Marca_15,219,2024-05-20
SKU_4_Marca_15,432,2024-05-20
SKU_5_Marca_15,675,2024-05-20
SKU_6_Marca_15,207,2024-05-20
SKU_7_Marca_15,445,2024-05-20
SKU_8_Marca_15,715,2024-05-20
SKU_9_Marca_15,145,2024-05-20
SKU_10_Marca_15,334,2024-05-20
SKU_11_Marca_15,745,2024-05-20
SKU_12_Marca_15,159,2024-05-20
SKU_13_Marca_15,427,2024-05-20
SKU_14_Marca_15,776,2024-05-20
SKU_15_Marca_15,128,2024-05-20
SKU_16_Marca_15,400,2024-05-20
SKU_17_Marca_15,785,2024-05-20
SKU_18_Marca_15,192,2024-05-20
SKU_19_Marca_15,433,2024-05-20
SKU_20_Marca_15,643,2024-05-20
SKU_21_Marca_15,196,2024-05-20
SKU_22_Marca_15,485,2024-05-20
SKU_23_Marca_15,797,2024-05-20
SKU_24_Marca_15,255,2024-05-20
SKU_25_Marca_15,349,2024-05-20
SKU_26_Marca_15,690,2024-05-20
SKU_27_Marca_15,156,2024-05-20
SKU_28_Marca_15,519,2024-05-20
SKU_29_Marca_15,634,2024-05-20
SKU_30_Marca_15,177,2024-05-20
SKU_31_Marca_15,365,2024-05-20
SKU_32_Marca_15,595,2024-05-20
SKU_33_Marca_15,150,2024-05-20
SKU_34_Marca_15,470,2024-05-20
SKU_35_Marca_15,803,2024-05-20
SKU_36_Marca_15,193,2024-05-20
SKU_37_Marca_15,369,2024-05-20
SKU_38_Marca_15,753,2024-05-20
SKU_39_Marca_15,184,2024-05-20
SKU_40_Marca_15,473,2024-05-20
SKU_41_Marca_15,668,2024-05-20
SKU_42_Marca_15,193,2024-05-20
SKU_43_Marca_15,353,2024-05-20
SKU_44_Marca_15,788,2024-05-20
SKU_45_Marca_15,188,2024-05-20
SKU_46_Marca_15,436,2024-05-20
SKU_47_Marca_15,778,2024-05-20
SKU_48_Marca_15,173,2024-05-20
SKU_49_Marca_15,433,2024-05-20
SKU_50_Marca_15,702,2024-05-20
SKU_51_Marca_15,202,2024-05-20
SKU_52_Marca_15,410,2024-05-20
SKU_53_Marca_15,740,2024-05-20
SKU_54_Marca_15,199,2024-05-20
SKU_55_Marca_15,462,2024-05-20
SKU_56_Marca_15,672,2024-05-20
SKU_57_Marca_15,255,2024-05-20
SKU_58_Marca_15,364,2024-05-20
SKU_59_Marca_15,701,2024-05-20
SKU_60_Marca_15,120,2024-05-20
SKU_61_Marca_15,476,2024-05-20
SKU_62_Marca_15,768,2024-05-20
SKU_63_Marca_15,173,2024-05-20
SKU_64_Marca_15,423,2024-05-20
SKU_65_Marca_15,734,2024-05-20
SKU_66_Marca_15,237,2024-05-20
SKU_67_Marca_15,418,2024-05-20
SKU_68_Marca_15,783,2024-05-20
SKU_69_Marca_15,209,2024-05-20
SKU_70_Marca_15,420,2024-05-20
SKU_71_Marca_15,699,2024-05-20
SKU_72_Marca_15,225,2024-05-20
SKU_73_Marca_15,373,2024-05-20
SKU_74_Marca_15,768,2024-05-20
SKU_75_Marca_15,158,2024-05-20
SKU_76_Marca_15,512,2024-05-20
SKU_77_Marca_15,727,2024-05-20
SKU_78_Marca_15,193,2024-05-20
SKU_79_Marca_15,354,2024-05-20
SKU_80_Marca_15,697,2024-05-20
SKU_81_Marca_15,225,2024-05-20
SKU_82_Marca_15,532,2024-05-20
SKU_83_Marca_15,612,2024-05-20
SKU_84_Marca_15,171,2024-05-20
SKU_85_Marca_15,380,2024-05-20
SKU_86_Marca_15,680,2024-05-20
SKU_87_Marca_15,209,2024-05-20
SKU_88_Marca_15,394,2024-05-20
SKU_89_Marca_15,738,2024-05-20
SKU_90_Marca_15,184,2024-05-20
SKU_91_Marca_15,442,2024-05-20
SKU_92_Marca_15,799,2024-05-20
SKU_93_Marca_15,172,2024-05-20
SKU_94_Marca_15,464,2024-05-20
SKU_95_Marca_15,697,2024-05-20
SKU_96_Marca_15,197,2024-05-20
SKU_97_Marca_15,433,2024-05-20
SKU_98_Marca_15,616,2024-05-20
SKU_99_Marca_15,142,2024-05-20
SKU_100_Marca_15,402,2024-05-20
